{
    "extends": "tslint:recommended",
    "rules": {
        "no-console": [ false ],
        "curly": false,
        "new-parens": true,
        "arrow-return-shorthand": true,
        "no-unnecessary-callback-wrapper": true,
        "no-unnecessary-initializer": true,
        "no-boolean-literal-compare": true,
        "no-angle-bracket-type-assertion": true,
        "no-trailing-whitespace": true,
        "no-arg": true,
        "no-bitwise": true,
        "no-conditional-assignment": true,
        "no-construct": true,
        "no-duplicate-super": true,
        "no-for-in-array": true,
        "no-floating-promises": true,
        "no-invalid-this": [ true, "check-function-in-method" ],
        "no-misused-new": true,
        "no-null-keyword": true,
        "no-reference": false,
        "no-object-literal-type-assertion": true,
        "object-literal-sort-keys": false,
        "no-shadowed-variable": true,
        "no-sparse-arrays": true,
        "no-string-literal": true,
        "no-string-throw": true,
        "no-switch-case-fall-through": true,
        "no-unbound-method": [true, "ignore-static"],
        "no-unsafe-finally": true,
        "no-unused-expression": true,
        "no-unused-variable": true,
        "no-use-before-declare": true,
        "no-var-keyword": true,
        "no-void-expression": true,
        "restrict-plus-operands": true,
        "strict-boolean-expressions": true,
        "strict-type-predicates": true,
        "array-type": [ true, "array" ],
        "unified-signatures": true,
        "prefer-switch": true,
        "prefer-function-over-method": true,
        "member-ordering": [ false ],
        "forin": false,
        "indent": [true, "tabs", 4],
        "trailing-comma": [true, {"multiline": "ignore", "singleline": "never"}],
        "triple-equals": [true, "allow-undefined-check"],
        "max-classes-per-file": false
    }
}
